[
    {
        "bookId": "1",
        "bookName": "Mystery of the Mind",
        "author": "John Doe",
        "image": "https://i.ibb.co.com/3S83W1t/book1.png",
        "review": "A compelling exploration of the complexities of the human psyche.",
        "totalPages": 350,
        "rating": 4.5,
        "category": "Psychology",
        "tags": ["Suspense", "Psychological"],
        "publisher": "XYZ Publishing",
        "yearOfPublishing": 2020
    },
    {
        "bookId": "2",
        "bookName": "Lost in Time",
        "author": "Jane Smith",
        "image": "https://i.ibb.co.com/ckJWxHb/book02.png",
        "review": "An intriguing journey through the ages.",
        "totalPages": 280,
        "rating": 4.2,
        "category": "Science Fiction",
        "tags": ["Time Travel", "Adventure"],
        "publisher": "ABC Publishing",
        "yearOfPublishing": 2018
    },
    {
        "bookId": "3",
        "bookName": "The Mountain Call",
        "author": "Sarah Johnson",
        "image": "https://i.ibb.co.com/rGK3V4F/book03.png",
        "review": "A thrilling adventure to the highest peaks.",
        "totalPages": 210,
        "rating": 4.8,
        "category": "Adventure",
        "tags": ["Nature", "Thriller"],
        "publisher": "Peak Publishers",
        "yearOfPublishing": 2021
    },
    {
        "bookId": "4",
        "bookName": "Under the Ocean",
        "author": "Alice Blue",
        "image": "https://i.ibb.co.com/HN6gkPN/book04.png",
        "review": "Exploring the mysteries beneath the sea.",
        "totalPages": 190,
        "rating": 4.1,
        "category": "Nature",
        "tags": ["Marine", "Documentary"],
        "publisher": "Deep Blue",
        "yearOfPublishing": 2019
    },
    {
        "bookId": "5",
        "bookName": "Secrets of the Desert",
        "author": "Morgan Wilde",
        "image": "https://i.ibb.co.com/Jvqr3Gy/book05.png",
        "review": "A historical saga set in the heart of the desert.",
        "totalPages": 300,
        "rating": 4.6,
        "category": "History",
        "tags": ["Historical", "Epic"],
        "publisher": "Sands Time Books",
        "yearOfPublishing": 2017
    },
    {
        "bookId": "6",
        "bookName": "City of Dreams",
        "author": "Ella Fitzgerald",
        "image": "https://i.ibb.co.com/9wVGSFN/book06.png",
        "review": "A deep dive into the lives that intersect in the metropolis.",
        "totalPages": 400,
        "rating": 4.0,
        "category": "Drama",
        "tags": ["Urban", "Realism"],
        "publisher": "Metro Reads",
        "yearOfPublishing": 2022
    },
    {
        "bookId": "7",
        "bookName": "Stars Beyond",
        "author": "Neil Spacer",
        "image": "https://i.ibb.co.com/wN4ckvS/book07.png",
        "review": "A voyage to the stars and what lies beyond our reach.",
        "totalPages": 250,
        "rating": 3.9,
        "category": "Science Fiction",
        "tags": ["Space", "Future"],
        "publisher": "Galactic Reads",
        "yearOfPublishing": 2015
    },
    {
        "bookId": "8",
        "bookName": "Mysteries Unfolded",
        "author": "Diana Lore",
        "image": "https://i.ibb.co.com/Jp30dbp/book08.png",
        "review": "Delving into the paranormal activities around the globe.",
        "totalPages": 320,
        "rating": 4.3,
        "category": "Mystery",
        "tags": ["Paranormal", "Suspense"],
        "publisher": "Ghosts & Co.",
        "yearOfPublishing": 2016
    },
    {
        "bookId": "9",
        "bookName": "Clues to the Past",
        "author": "Samuel Arch",
        "image": "https://i.ibb.co.com/Gthxd9P/book09.png",
        "review": "Unearthing the secrets of ancient civilizations.",
        "totalPages": 365,
        "rating": 4.7,
        "category": "Archaeology",
        "tags": ["Ancient", "Civilizations"],
        "publisher": "History Press",
        "yearOfPublishing": 2018
    }
]
